1,KEPLER'S HORIZON - COMMAND REFERENCE

Type HELP TOPICS for a list of available topics.
Type HELP {topic} for detailed help on a specific topic.

For complete documentation, see:
github.com/sibomots/KeplersHorizon/wiki
2,BUILD COMMANDS

  BN W/S {NAME}       Build New Warpship (W) or Systemship (S)
  BS {SHIP} {SPECS}   Set ship specifications
  BC                  Commit draft to fleet
  BX                  Cancel current draft
  BD                  Show pending drafts

SPECS format: PD=# B=# S=# T=# M=#
  PD = PowerDrive, B = Beams, S = Screens, T = Tubes, M = Missiles

Warpships can travel between star systems.
Systemships operate within a single system.
3,MOVE COMMANDS

  M {SHIP} {HEX/SYSTEM}   Move ship to hex or system
  PICK {SHIP}             Rack systemship into warpship
  DROP {SHIP}             Unrack systemship from warpship
  DEPLOY {SHIP} {SYSTEM}  Deploy ship to star system

Warpships move along warp lines between systems.
Systemships move within hex grids in systems.
4,COMBAT COMMANDS

  C                       Show active combat status
  CO {SHIP} A {TARGET}    Order ship to ATTACK target
  CO {SHIP} D {TARGET}    Order ship to DEFEND against target
  CO {SHIP} E             Order ship to EVADE
  CC                      Commit combat orders
  CX                      Cancel combat orders
  CD {SHIP} {SPECS}       Assign damage to ship

Combat occurs when opposing ships occupy the same hex.
Use CRT command to view the Combat Results Table.
5,ECONOMY COMMANDS

  EXTRACT      Extract resources from current location
  MARKET       View market prices and inventory
  TRADE        Buy/sell resources at market
  FABRICATE    Convert resources into components

Resources: ORE, GAS, RARE
Components: ALLOY, FUEL, ELECTRONICS
6,INFORMATION COMMANDS

  STATUS           Display current game state
  FLEET            List your ships and their status
  SCORE            Show victory points and credits
  SYSTEM {NAME}    Show details for a star system
  SURVEY           Scan for resources/anomalies
  CRT              Display Combat Results Table
  DEMO             Run demonstration sequence
7,TURN COMMANDS

  FF    Fast-forward (end your turn)
  N     Advance to next game phase

Game Phases:
  1. Build Ships
  2. Movement
  3. Combat
  4. Economy
  5. Victory Check
8,SHIP TYPES

WARPSHIP (W)
  Can travel between star systems via warp lines
  Can carry systemships (rack/unrack)
  Larger, more expensive

SYSTEMSHIP (S)
  Operates within a single star system
  Moves on hex grid
  Smaller, cheaper, specialized

SHIP SPECS:
  PD = PowerDrive (movement points)
  B  = Beams (attack power)
  S  = Screens (defense)
  T  = Tubes (missile launchers)
  M  = Missiles (ammunition)
9,COMBAT RESULTS TABLE (CRT)

Attack vs Defense ratio determines outcome:
  3:1 or better = Attacker advantage
  2:1           = Even engagement
  1:1           = Defender advantage

Damage is applied to ship systems:
  First: Screens absorb hits
  Then: Systems destroyed (B/T/PD)
  Finally: Ship destroyed

Type CRT in-game to see the full table.
10,MISSILES

Missiles are ammunition for Tubes (T).
Each Tube can fire one missile per combat round.

  T = Tube capacity (launchers)
  M = Missile supply

Missiles provide long-range attack capability.
Once fired, missiles are consumed.
Resupply at bases or via FABRICATE command.
